<application>
  <component name="com.intellij.ide.ui.customization.CustomActionsSchema">
    <group value="NewUiRunWidget" is_action="true" action_type="-1" position="1">
      <path value="root" />
      <path value="主工具栏" />
      <path value="右侧" />
      <option name="myInitialPosition" value="-1" />
    </group>
    <group value="ExecutionTargetsToolbarGroup" is_group="true" forse_popup="false" action_type="-1" position="0">
      <path value="root" />
      <path value="主工具栏" />
      <path value="右侧" />
      <option name="myInitialPosition" value="-1" />
    </group>
    <group value="ChangesView.Revert" is_action="true" action_type="1" position="0">
      <path value="root" />
      <path value="主工具栏" />
      <path value="右侧" />
      <option name="myInitialPosition" value="-1" />
    </group>
    <group value="CompileDirty" is_action="true" action_type="1" position="1">
      <path value="root" />
      <path value="主工具栏" />
      <path value="中心" />
      <option name="myInitialPosition" value="-1" />
    </group>
    <group value="Vcs.UpdateProject" is_action="true" action_type="1" position="1">
      <path value="root" />
      <path value="主工具栏" />
      <path value="右侧" />
      <option name="myInitialPosition" value="-1" />
    </group>
    <group value="ExecutionTargetsToolbarGroup" is_group="true" forse_popup="false" action_type="1" position="2">
      <path value="root" />
      <path value="主工具栏" />
      <path value="中心" />
      <option name="myInitialPosition" value="-1" />
    </group>
    <group value="CheckinProject" is_action="true" action_type="1" position="2">
      <path value="root" />
      <path value="主工具栏" />
      <path value="右侧" />
      <option name="myInitialPosition" value="-1" />
    </group>
    <group value="NewUiRunWidget" is_action="true" action_type="1" position="3">
      <path value="root" />
      <path value="主工具栏" />
      <path value="中心" />
      <option name="myInitialPosition" value="-1" />
    </group>
    <group value="Vcs.Push" is_action="true" action_type="1" position="3">
      <path value="root" />
      <path value="主工具栏" />
      <path value="右侧" />
      <option name="myInitialPosition" value="-1" />
    </group>
    <action id="MakeModule" icon="jar:file:/Users/yuyawei/tools/Jetbrain/apps/IDEA-U/ch-1/231.8109.175/IntelliJ%20IDEA.app/Contents/lib/app.jar!/expui/toolbar/unknown.svg" />
    <action id="Git.Pull" icon="jar:file:/Users/yowshu/tools/JrtBrains/apps/IDEA-U/ch-0/231.9011.34/IntelliJ%20IDEA.app.plugins/Atom%20Material%20Icons/lib/common.jar!/icons/toolbar/unknown.svg" />
    <action id="StopWithDropDown" icon="JupyterInterruptKernelAction" />
    <action id="CompileDirty" icon="jar:file:/Users/yowshu/tools/JrtBrains/apps/IDEA-U/ch-1/232.6734.9/IntelliJ%20IDEA%202023.2%20EAP.app.plugins/Atom%20Material%20Icons/lib/common.jar!/icons/toolbar/unknown.svg" />
    <action id="CompileProject" icon="jar:file:/Users/yuyawei/tools/Jetbrain/apps/IDEA-U/ch-1/231.8109.175/IntelliJ%20IDEA.app/Contents/lib/app.jar!/expui/toolbar/unknown.svg" />
  </component>
</application>