<application>
  <component name="LocalDatabaseDriverManager" version="201">
    <driver id="athena">
      <artifact id="Athena" name="Athena" use="true" version="2.0.16" />
    </driver>
    <driver id="mysql.8" jre-path="/Library/Java/JavaVirtualMachines/jdk-1.8.jdk/Contents/Home">
      <url-template name="default" template="jdbc:mysql://{host::localhost}?[:{port::3306}][/{database}?][\?&lt;&amp;,user={user},password={password},{:identifier}={:param}&gt;]" disable="true" />
      <url-template name="Unix Socket" template="jdbc:mysql:///{database}?[\?&lt;&amp;,user={user},password={password},junixsocket.file={mysql.socket::/tmp/mysqld.sock},socketFactory={socketFactory:#param:org.newsclub.net.mysql.AFUNIXDatabaseSocketFactoryCJ},{:identifier}={:param}&gt;]" disable="true" />
      <url-template name="default" template="jdbc:mysql://address=\(protocol=tcp\)\(&lt;\)\(,host={host:host_ipv6:localhost},port={port::3306},user={user},password={password},{:identifier}={:param}&gt;\)[/{database}][\?&lt;&amp;,{:identifier}={:param}&gt;]" disable="true" />
      <artifact />
      <artifact id="MySQL ConnectorJ" name="MySQL ConnectorJ" channel="fixed" rolling="false" use="true" version="8.0.25" />
    </driver>
    <driver id="mysql_aurora_aws">
      <artifact id="AWS Aurora MySQL" name="AWS Aurora MySQL" use="true" version="1.1.9" />
    </driver>
  </component>
</application>