<application>
  <component name="dataSourceStorage" format="xml" multifile-model="true">
    <data-source source="LOCAL" name="@mysql.ygcydn.com" uuid="df5d20f7-e68f-445d-90b7-637fcad59ada">
      <driver-ref>mysql_aurora_aws</driver-ref>
      <synchronize>true</synchronize>
      <configured-by-url>true</configured-by-url>
      <jdbc-driver>software.aws.rds.jdbc.mysql.Driver</jdbc-driver>
      <jdbc-url>jdbc:mysql://mysql.ygcydn.com:23306/</jdbc-url>
      <working-dir>$ProjectFileDir$</working-dir>
    </data-source>
  </component>
</application>