<application>
  <component name="LafManager">
    <laf themeId="MOONLIGHT" />
    <lafs-to-previous-schemes>
      <laf-to-scheme laf="Custom Theme (Material)" scheme="_@user_Darcula" />
      <laf-to-scheme laf="Darcula" scheme="_@user_SynthWave '84 (Material)" />
      <laf-to-scheme laf="High contrast" scheme="_@user_High contrast" />
      <laf-to-scheme laf="LIGHT_CUSTOM" scheme="_@user_Darcula" />
      <laf-to-scheme laf="Light Custom Theme (Material)" scheme="_@user_Darcula" />
      <laf-to-scheme laf="Material Forest" scheme="Material Forest" />
      <laf-to-scheme laf="Material Space" scheme="Material Space" />
      <laf-to-scheme laf="Material Volcano" scheme="Material Volcano" />
    </lafs-to-previous-schemes>
  </component>
</application>