<application>
  <component name="MaterialThemeConfig">
    <option name="isWizardShown" value="true" />
    <option name="treeFontSizeEnabled" value="true" />
    <option name="tabFontSizeEnabled" value="true" />
    <option name="accentColor" value="74a0f1" />
    <option name="secondAccentColor" />
    <option name="highlightColor" />
    <option name="focusColor" />
    <option name="selectedTheme" value="MOONLIGHT" />
    <option name="userId" value="50b80224:18847ea2079:-8000" />
    <option name="version" value="8.13.2" />
  </component>
</application>