<application>
  <component name="ProjectManager">
    <defaultProject>
      <component name="AnalysisProjectProfileManager">
        <option name="PROJECT_PROFILE" />
        <option name="USE_PROJECT_LEVEL_SETTINGS" value="false" />
        <list size="0" />
      </component>
      <component name="AutoImportSettings">
        <option name="autoReloadType" value="SELECTIVE" />
      </component>
      <component name="BookmarksManager">
        <option name="groups">
          <GroupState>
            <option name="name" value="Default (Template) Project" />
          </GroupState>
        </option>
      </component>
      <component name="CompilerConfiguration">
        <annotationProcessing>
          <profile default="true" name="Default" enabled="true" />
        </annotationProcessing>
      </component>
      <component name="EasyCodeTableSetting">
        <option name="tableInfoMap">
          <map>
            <entry key="early_warning.module_mock_inputs_data">
              <value>
                <TableInfoDTO>
                  <option name="comment" value="模拟数据-投入品数据" />
                  <option name="fullColumn">
                    <list>
                      <ColumnInfoDTO>
                        <option name="comment" value="主键" />
                        <option name="custom" value="false" />
                        <option name="ext" value="{}" />
                        <option name="name" value="id" />
                        <option name="type" value="java.lang.Long" />
                      </ColumnInfoDTO>
                      <ColumnInfoDTO>
                        <option name="comment" value="日期" />
                        <option name="custom" value="false" />
                        <option name="ext" value="{}" />
                        <option name="name" value="date" />
                        <option name="type" value="java.util.Date" />
                      </ColumnInfoDTO>
                      <ColumnInfoDTO>
                        <option name="comment" value="投入品名称" />
                        <option name="custom" value="false" />
                        <option name="ext" value="{}" />
                        <option name="name" value="inputsName" />
                        <option name="type" value="java.lang.String" />
                      </ColumnInfoDTO>
                      <ColumnInfoDTO>
                        <option name="comment" value="投入品种类" />
                        <option name="custom" value="false" />
                        <option name="ext" value="{}" />
                        <option name="name" value="inputsSpecies" />
                        <option name="type" value="java.lang.String" />
                      </ColumnInfoDTO>
                      <ColumnInfoDTO>
                        <option name="comment" value="销量" />
                        <option name="custom" value="false" />
                        <option name="ext" value="{}" />
                        <option name="name" value="num" />
                        <option name="type" value="java.math.BigDecimal" />
                      </ColumnInfoDTO>
                      <ColumnInfoDTO>
                        <option name="comment" value="地区" />
                        <option name="custom" value="false" />
                        <option name="ext" value="{}" />
                        <option name="name" value="region" />
                        <option name="type" value="java.lang.String" />
                      </ColumnInfoDTO>
                      <ColumnInfoDTO>
                        <option name="comment" value="数据来源" />
                        <option name="custom" value="false" />
                        <option name="ext" value="{}" />
                        <option name="name" value="source" />
                        <option name="type" value="java.lang.String" />
                      </ColumnInfoDTO>
                      <ColumnInfoDTO>
                        <option name="comment" value="备注" />
                        <option name="custom" value="false" />
                        <option name="ext" value="{}" />
                        <option name="name" value="remark" />
                        <option name="type" value="java.lang.String" />
                      </ColumnInfoDTO>
                      <ColumnInfoDTO>
                        <option name="comment" value="事件状态，ENUM(1|ENABLE|启用,2|DISABLE|禁用)" />
                        <option name="custom" value="false" />
                        <option name="ext" value="{}" />
                        <option name="name" value="state" />
                        <option name="type" value="java.lang.Object" />
                      </ColumnInfoDTO>
                      <ColumnInfoDTO>
                        <option name="comment" value="租户ID" />
                        <option name="custom" value="false" />
                        <option name="ext" value="{}" />
                        <option name="name" value="tenantId" />
                        <option name="type" value="java.lang.String" />
                      </ColumnInfoDTO>
                      <ColumnInfoDTO>
                        <option name="comment" value="创建人" />
                        <option name="custom" value="false" />
                        <option name="ext" value="{}" />
                        <option name="name" value="createUserId" />
                        <option name="type" value="java.lang.Long" />
                      </ColumnInfoDTO>
                      <ColumnInfoDTO>
                        <option name="comment" value="修改人" />
                        <option name="custom" value="false" />
                        <option name="ext" value="{}" />
                        <option name="name" value="updateUserId" />
                        <option name="type" value="java.lang.Long" />
                      </ColumnInfoDTO>
                      <ColumnInfoDTO>
                        <option name="comment" value="创建部门" />
                        <option name="custom" value="false" />
                        <option name="ext" value="{}" />
                        <option name="name" value="createDeptId" />
                        <option name="type" value="java.lang.Long" />
                      </ColumnInfoDTO>
                      <ColumnInfoDTO>
                        <option name="comment" value="创建时间" />
                        <option name="custom" value="false" />
                        <option name="ext" value="{}" />
                        <option name="name" value="createTime" />
                        <option name="type" value="java.util.Date" />
                      </ColumnInfoDTO>
                      <ColumnInfoDTO>
                        <option name="comment" value="修改时间" />
                        <option name="custom" value="false" />
                        <option name="ext" value="{}" />
                        <option name="name" value="updateTime" />
                        <option name="type" value="java.util.Date" />
                      </ColumnInfoDTO>
                      <ColumnInfoDTO>
                        <option name="comment" value="逻辑删除时间" />
                        <option name="custom" value="false" />
                        <option name="ext" value="{}" />
                        <option name="name" value="deleteTime" />
                        <option name="type" value="java.util.Date" />
                      </ColumnInfoDTO>
                      <ColumnInfoDTO>
                        <option name="comment" value="状态" />
                        <option name="custom" value="false" />
                        <option name="ext" value="{}" />
                        <option name="name" value="status" />
                        <option name="type" value="java.lang.Object" />
                      </ColumnInfoDTO>
                    </list>
                  </option>
                  <option name="name" value="ModuleMockInputsData" />
                  <option name="preName" value="" />
                  <option name="saveModelName" value="" />
                  <option name="savePackageName" value="" />
                  <option name="savePath" value="" />
                  <option name="templateGroupName" value="" />
                </TableInfoDTO>
              </value>
            </entry>
          </map>
        </option>
      </component>
      <component name="GradleLocalSettings">
        <option name="myGradleUserHome" value="$USER_HOME$/tools/maven/repository" />
      </component>
      <component name="InspectionProjectProfileManager">
        <profile version="1.0">
          <option name="myName" value="Project Default" />
        </profile>
        <version value="1.0" />
      </component>
      <component name="MavenImportPreferences">
        <option name="generalSettings">
          <MavenGeneralSettings>
            <option name="mavenHome" value="$USER_HOME$/tools/maven/apache-maven-3.8.1" />
            <option name="useMavenConfig" value="false" />
            <option name="userSettingsFile" value="$USER_HOME$/tools/maven/apache-maven-3.8.1/conf/settings.xml" />
          </MavenGeneralSettings>
        </option>
      </component>
      <component name="PropertiesComponent"><![CDATA[{
  "keyToString": {
    "settings.editor.selected.configurable": "configurable.group.editor"
  }
}]]></component>
      <component name="SuppressionsComponent">
        <option name="suppComments" value="[]" />
      </component>
      <component name="TaskManager">
        <task active="true" id="Default" summary="Default task">
          <created>1684823130337</created>
          <option name="number" value="Default" />
          <option name="presentableId" value="Default" />
          <updated>1684823130337</updated>
        </task>
        <servers />
      </component>
      <component name="WindowStateProjectService">
        <state x="472" y="136" key="SettingsEditor" timestamp="1706253881241">
          <screen x="0" y="25" width="1920" height="1055" />
        </state>
        <state x="472" y="136" key="SettingsEditor/-1680.118.1680.1025/0.25.1920.1055/1920.-399.1080.1895" timestamp="1706253881241" />
      </component>
    </defaultProject>
  </component>
</application>