<application>
  <component name="Translation.Cache">
    <option name="lastTrimTime" value="1706604727996" />
  </component>
  <component name="Translation.States">
    <option name="newTranslationDialogHeight" value="260" />
    <option name="newTranslationDialogWidth" value="598" />
    <option name="newTranslationDialogX" value="527" />
    <option name="newTranslationDialogY" value="525" />
    <option name="pinTranslationDialog" value="true" />
    <histories>
      <item value="java: cannot access com.ynmaker.commons.base.Service bad class file: Usersyowshutoolsmavenrepositorycomynmakercloudcommons1.2.7commons-1.2.7.jar!comynmakercommonsbaseService.class class file has wrong version 61.0, should be 52.0 Please remove or make sure it appears in the correct subdirectory of the classpath." />
      <item value="identifier Generator" />
      <item value="does not exist" />
      <item value="MUST EXIST" />
      <item value="A SpringApplicationhas ApplicationListenersand ApplicationContextInitializers" />
      <item value="audience" />
      <item value="refresh" />
      <item value="to Unsigned String" />
      <item value="Use the faster version" />
      <item value="markets Commodity" />
      <item value="push" />
      <item value="KEY ALGORITHM" />
      <item value="pojo" />
      <item value="decrypt User Info" />
      <item value="AGRICULTURE" />
      <item value="执行规则事件" />
      <item value="process Event For Rule" />
      <item value="compatibility-verifier" />
      <item value="safe Take Value" />
      <item value="Config Data Kit" />
      <item value="remainder" />
      <item value="multiply" />
      <item value="销量" />
      <item value="sales" />
      <item value="去年" />
      <item value="今年" />
      <item value="地区" />
      <item value="投入品" />
      <item value="杀虫剂销量" />
      <item value="杀虫剂" />
      <item value="同比" />
      <item value="量同比" />
      <item value="杀虫剂销量同比" />
      <item value="sha chong ji销量同比" />
      <item value="sha ch销量同比" />
      <item value="sha chng销量同比" />
      <item value="销量同比" />
      <item value="s销量同比" />
      <item value="农药销量同比" />
      <item value="Pesticide sales year-on-year" />
      <item value="积温" />
      <item value="湿度" />
      <item value="humidity" />
      <item value="Sustained high temperatures" />
      <item value="持续高温" />
      <item value="持续" />
      <item value="persistent" />
      <item value="frequency" />
      <item value="次数" />
      <item value="continuous fluctuations" />
    </histories>
    <option name="languageScores">
      <map>
        <entry key="AFRIKAANS" value="1" />
        <entry key="CHINESE" value="105" />
        <entry key="CHINESE_TRADITIONAL" value="11" />
        <entry key="ENGLISH" value="106" />
        <entry key="ICELANDIC" value="1" />
        <entry key="ITALIAN" value="1" />
        <entry key="JAPANESE" value="6" />
        <entry key="ROMANIAN" value="1" />
        <entry key="SWEDISH" value="1" />
      </map>
    </option>
  </component>
</application>